Date,Temperature,Humidity,Condition
01-01-20,30.99342831,70,Cloudy
02-01-20,29.92345806,58,Stormy
03-01-20,31.69527042,88,Rainy
04-01-20,33.64569978,85,Rainy
05-01-20,30.33084019,58,Stormy
06-01-20,30.53006025,61,Stormy
07-01-20,34.3555477,63,Stormy
08-01-20,32.9303006,84,Rainy
09-01-20,30.65423329,51,Stormy
10-01-20,32.87541582,69,Cloudy
11-01-20,31.05985792,77,Cloudy
12-01-20,31.25083672,92,Rainy
13-01-20,32.86095081,70,Cloudy
14-01-20,28.74424503,75,Cloudy
15-01-20,29.31372082,58,Stormy
16-01-20,31.83062701,87,Rainy
17-01-20,31.12000337,84,Rainy
18-01-20,33.96336559,75,Cloudy
19-01-20,31.70669418,69,Cloudy
20-01-20,30.88459729,94,Rainy
21-01-20,36.82548096,88,Sunny
22-01-20,33.62605193,94,Rainy
23-01-20,34.39445106,72,Cloudy
24-01-20,31.5899847,57,Stormy
25-01-20,33.52902631,91,Rainy
26-01-20,35.01610057,88,Sunny
27-01-20,32.66681422,67,Cloudy
28-01-20,35.89275595,86,Sunny
29-01-20,34.1105846,50,Stormy
30-01-20,34.89685187,93,Rainy
31-01-20,34.44301151,84,Rainy
01-02-20,39.51490797,72,Sunny
02-02-20,35.94495996,56,Sunny
03-02-20,34.01574666,45,Stormy
04-02-20,37.93302006,43,Sunny
05-02-20,34.00048957,59,Stormy
06-02-20,37.01157391,87,Sunny
07-02-20,32.82353887,86,Rainy
08-02-20,34.23284235,66,Cloudy
09-02-20,37.42651666,54,Sunny
10-02-20,38.65049407,45,Sunny
11-02-20,37.65419486,86,Sunny
12-02-20,37.21513463,53,Sunny
13-02-20,36.97621824,50,Sunny
14-02-20,34.75034481,78,Cloudy
15-02-20,36.39358068,48,Sunny
16-02-20,37.03473866,65,Sunny
17-02-20,40.18982546,55,Sunny
18-02-20,38.87915226,44,Sunny
19-02-20,34.77889339,91,Rainy
20-02-20,39.06287779,49,Sunny
21-02-20,37.75091566,89,Sunny
22-02-20,37.27019827,42,Sunny
23-02-20,39.9469074,52,Sunny
24-02-20,40.88157711,82,Sunny
25-02-20,40.77463384,88,Sunny
26-02-20,37.32256938,69,Sunny
27-02-20,38.46791021,93,Sunny
28-02-20,39.83055795,84,Sunny
29-02-20,41.19715038,45,Sunny
01-03-20,38.36204238,56,Sunny
02-03-20,39.01967561,84,Sunny
03-03-20,37.24517005,90,Sunny
04-03-20,37.12849017,92,Sunny
05-03-20,41.20521025,58,Sunny
06-03-20,42.34806191,81,Sunny
07-03-20,39.54313076,74,Sunny
08-03-20,41.74191121,85,Sunny
09-03-20,40.50191807,65,Sunny
10-03-20,38.52829579,90,Sunny
11-03-20,40.57728851,44,Sunny
12-03-20,42.96259076,68,Sunny
13-03-20,39.8429314,76,Sunny
14-03-20,43.06797095,59,Sunny
15-03-20,34.71931824,88,Rainy
16-03-20,41.61875487,60,Sunny
17-03-20,40.16119558,49,Sunny
18-03-20,39.39724361,44,Sunny
19-03-20,40.18293876,75,Sunny
20-03-20,36.02443864,45,Sunny
21-03-20,39.55639225,65,Sunny
22-03-20,40.70212258,43,Sunny
23-03-20,42.9318519,78,Sunny
24-03-20,38.92369946,78,Sunny
25-03-20,38.32344482,89,Sunny
26-03-20,38.91313402,74,Sunny
27-03-20,41.7197019,40,Sunny
28-03-20,40.51469401,63,Sunny
29-03-20,38.76202276,75,Sunny
30-03-20,40.80850093,45,Sunny
31-03-20,39.93263141,80,Sunny
01-04-20,41.62838127,93,Sunny
02-04-20,38.23572377,85,Sunny
03-04-20,38.92938854,83,Sunny
04-04-20,38.74154564,70,Sunny
05-04-20,36.53597098,59,Sunny
06-04-20,39.98869529,63,Sunny
07-04-20,39.84826068,64,Sunny
08-04-20,39.26234212,75,Sunny
09-04-20,38.70520529,60,Sunny
10-04-20,36.26223278,69,Sunny
11-04-20,38.16664127,63,Sunny
12-04-20,38.23385748,83,Sunny
13-04-20,37.22251897,81,Sunny
14-04-20,38.40875837,69,Sunny
15-04-20,39.44019538,61,Sunny
16-04-20,42.30177662,67,Sunny
17-04-20,38.77245994,46,Sunny
18-04-20,38.82893539,74,Sunny
19-04-20,38.05214764,94,Sunny
20-04-20,34.24742161,67,Cloudy
21-04-20,37.91262697,53,Sunny
22-04-20,37.96361967,49,Sunny
23-04-20,42.64401085,55,Sunny
24-04-20,37.20408515,55,Sunny
25-04-20,38.06014681,93,Sunny
26-04-20,37.2528909,70,Sunny
27-04-20,34.84729186,81,Rainy
28-04-20,39.32975329,64,Sunny
29-04-20,38.4046159,52,Sunny
30-04-20,38.3366957,45,Sunny
01-05-20,34.7870371,83,Rainy
02-05-20,39.25993861,48,Sunny
03-05-20,33.49660417,84,Rainy
04-05-20,37.31745677,75,Sunny
05-05-20,40.36563269,82,Sunny
06-05-20,33.84223384,59,Stormy
07-05-20,34.52696685,57,Stormy
08-05-20,35.69285709,82,Sunny
09-05-20,34.31839777,60,Stormy
10-05-20,32.05368686,43,Stormy
11-05-20,35.11974237,89,Sunny
12-05-20,32.68361872,72,Cloudy
13-05-20,35.57909751,66,Sunny
14-05-20,32.61489798,46,Stormy
15-05-20,37.37366761,45,Sunny
16-05-20,32.52563511,54,Stormy
17-05-20,33.26472476,57,Stormy
18-05-20,35.35102483,71,Sunny
19-05-20,31.07591482,50,Stormy
20-05-20,33.80480137,59,Stormy
21-05-20,35.77506515,63,Sunny
22-05-20,29.75544704,54,Stormy
23-05-20,33.14812698,87,Rainy
24-05-20,33.10595909,46,Stormy
25-05-20,33.95613904,60,Stormy
26-05-20,29.7239347,81,Rainy
27-05-20,29.36138662,65,Stormy
28-05-20,32.84984581,83,Rainy
29-05-20,32.2028725,53,Stormy
30-05-20,31.91218578,76,Cloudy
31-05-20,31.90582897,60,Stormy
01-06-20,29.65413042,57,Stormy
02-06-20,31.27952891,44,Stormy
03-06-20,31.20168212,42,Stormy
04-06-20,28.98710379,62,Stormy
05-06-20,33.94745878,65,Stormy
06-06-20,30.96359237,76,Cloudy
07-06-20,27.43332994,63,Stormy
08-06-20,30.92912817,88,Rainy
09-06-20,27.46689523,58,Stormy
10-06-20,30.79089887,90,Rainy
11-06-20,31.33470522,64,Stormy
12-06-20,27.1773268,60,Stormy
13-06-20,30.54709359,51,Stormy
14-06-20,29.24810491,80,Cloudy
15-06-20,29.86949607,72,Cloudy
16-06-20,31.82250424,89,Rainy
17-06-20,27.34247296,92,Rainy
18-06-20,26.13097446,43,Stormy
19-06-20,25.66556012,81,Rainy
20-06-20,25.62013273,46,Stormy
21-06-20,26.90581346,61,Stormy
22-06-20,27.55176036,94,Rainy
23-06-20,27.23352972,72,Cloudy
24-06-20,28.14653422,56,Stormy
25-06-20,26.3315942,63,Stormy
26-06-20,29.02755897,73,Cloudy
27-06-20,25.40762931,67,Cloudy
28-06-20,31.19535864,82,Rainy
29-06-20,26.82613026,80,Cloudy
30-06-20,23.68202574,78,Cloudy
01-07-20,23.07794254,61,Stormy
02-07-20,26.0099711,88,Rainy
03-07-20,24.42538136,56,Stormy
04-07-20,26.12963958,73,Cloudy
05-07-20,25.47956478,45,Stormy
06-07-20,24.22106933,85,Rainy
07-07-20,22.50903059,45,Stormy
08-07-20,21.01113331,73,Cloudy
09-07-20,22.98839119,40,Stormy
10-07-20,25.43725936,49,Stormy
11-07-20,23.99820007,60,Stormy
12-07-20,20.92665774,44,Stormy
13-07-20,23.61525253,41,Stormy
14-07-20,23.89297317,61,Stormy
15-07-20,21.21082224,87,Rainy
16-07-20,23.14499452,41,Stormy
17-07-20,22.81583383,49,Stormy
18-07-20,20.27826801,73,Cloudy
19-07-20,23.14754977,55,Stormy
20-07-20,23.42433765,87,Rainy
21-07-20,24.34274341,90,Rainy
22-07-20,24.16124661,78,Cloudy
23-07-20,19.17848378,61,Stormy
24-07-20,19.94157881,51,Stormy
25-07-20,22.7339788,63,Stormy
26-07-20,22.62147787,86,Rainy
27-07-20,22.51736136,79,Cloudy
28-07-20,29.08949398,77,Cloudy
29-07-20,22.4260233,49,Stormy
30-07-20,23.45907102,74,Cloudy
31-07-20,23.00316544,90,Rainy
01-08-20,22.30872841,88,Rainy
02-08-20,20.2897889,71,Cloudy
03-08-20,22.35627907,46,Stormy
04-08-20,19.21436798,60,Stormy
05-08-20,20.21175485,59,Stormy
06-08-20,19.64376434,65,Stormy
07-08-20,20.71109316,43,Stormy
08-08-20,25.11329639,85,Rainy
09-08-20,16.68988954,91,Rainy
10-08-20,21.74121108,61,Stormy
11-08-20,17.09138212,54,Stormy
12-08-20,19.32494644,79,Cloudy
13-08-20,22.40260002,60,Stormy
14-08-20,20.31305751,54,Stormy
15-08-20,17.99273263,61,Stormy
16-08-20,18.68528006,91,Rainy
17-08-20,21.44670179,67,Cloudy
18-08-20,18.6023567,53,Stormy
19-08-20,20.47556545,66,Cloudy
20-08-20,20.11733306,80,Cloudy
21-08-20,18.71051919,79,Cloudy
22-08-20,24.29313295,67,Cloudy
23-08-20,21.26860547,65,Stormy
24-08-20,15.95000446,88,Rainy
25-08-20,20.37672023,41,Stormy
26-08-20,18.68775898,64,Stormy
27-08-20,21.72771421,42,Stormy
28-08-20,18.45331243,47,Stormy
29-08-20,19.82837192,83,Rainy
30-08-20,21.09128698,72,Cloudy
31-08-20,21.84025778,81,Rainy
01-09-20,17.73954591,91,Rainy
02-09-20,19.5064714,74,Cloudy
03-09-20,19.26484808,45,Stormy
04-09-20,18.95125904,78,Cloudy
05-09-20,23.83590149,91,Rainy
06-09-20,21.1659098,62,Stormy
07-09-20,17.88898934,64,Stormy
08-09-20,22.30512759,89,Rainy
09-09-20,24.77617464,82,Rainy
10-09-20,22.66303845,58,Stormy
11-09-20,17.6293743,44,Stormy
12-09-20,19.77338503,90,Rainy
13-09-20,23.35311755,50,Stormy
14-09-20,19.48507056,51,Stormy
15-09-20,21.8728023,49,Stormy
16-09-20,22.62279131,47,Stormy
17-09-20,19.3115925,63,Stormy
18-09-20,21.14186667,67,Cloudy
19-09-20,14.87734216,80,Cloudy
20-09-20,19.41351694,75,Cloudy
21-09-20,21.06298628,76,Cloudy
22-09-20,19.18175921,60,Stormy
23-09-20,25.05468014,47,Stormy
24-09-20,19.04539068,94,Rainy
25-09-20,21.14463799,48,Stormy
26-09-20,22.40845164,86,Rainy
27-09-20,25.1549017,54,Stormy
28-09-20,19.52910641,87,Rainy
29-09-20,24.85867338,85,Rainy
30-09-20,22.68731411,79,Cloudy
01-10-20,20.84126597,57,Stormy
02-10-20,23.86880369,81,Rainy
03-10-20,23.48585168,59,Stormy
04-10-20,22.03319888,45,Stormy
05-10-20,23.52184362,51,Stormy
06-10-20,22.76286608,41,Stormy
07-10-20,23.91436831,46,Stormy
08-10-20,25.1679603,55,Stormy
09-10-20,27.17456034,42,Stormy
10-10-20,21.68812239,84,Rainy
11-10-20,28.59338123,42,Stormy
12-10-20,20.58896897,66,Cloudy
13-10-20,24.35760715,89,Rainy
14-10-20,26.00797997,82,Rainy
15-10-20,25.5655649,79,Cloudy
16-10-20,23.93241624,77,Cloudy
17-10-20,24.93773371,72,Cloudy
18-10-20,24.54599761,67,Cloudy
19-10-20,24.53307837,40,Stormy
20-10-20,27.59253571,94,Rainy
21-10-20,26.79052873,47,Stormy
22-10-20,24.87541416,76,Cloudy
23-10-20,28.24666415,71,Cloudy
24-10-20,27.24971546,87,Rainy
25-10-20,28.44983858,82,Rainy
26-10-20,28.27364026,76,Cloudy
27-10-20,25.547855,43,Stormy
28-10-20,26.27806301,69,Cloudy
29-10-20,29.08663296,45,Stormy
30-10-20,29.00737009,85,Rainy
31-10-20,27.9402955,93,Rainy
01-11-20,28.41302972,58,Stormy
02-11-20,30.93070964,71,Cloudy
03-11-20,27.38989179,48,Stormy
04-11-20,29.86545481,51,Stormy
05-11-20,28.56559171,50,Stormy
06-11-20,28.73374357,85,Rainy
07-11-20,31.56612098,94,Rainy
08-11-20,31.21911385,55,Stormy
09-11-20,31.39518697,40,Stormy
10-11-20,32.5791046,84,Rainy
11-11-20,30.21014669,94,Rainy
12-11-20,31.73196972,92,Rainy
13-11-20,29.94730781,60,Stormy
14-11-20,31.41572445,69,Cloudy
15-11-20,30.70634911,52,Stormy
16-11-20,31.35948398,73,Cloudy
17-11-20,32.55419675,43,Stormy
18-11-20,29.92528645,67,Cloudy
19-11-20,35.94372281,77,Sunny
20-11-20,29.94343039,70,Cloudy
21-11-20,29.72282266,94,Rainy
22-11-20,34.66229591,66,Cloudy
23-11-20,34.12333543,44,Stormy
24-11-20,33.98116958,64,Stormy
25-11-20,34.18144774,42,Stormy
26-11-20,33.09092009,72,Cloudy
27-11-20,31.51031568,43,Stormy
28-11-20,33.64452244,64,Stormy
29-11-20,32.32528168,59,Stormy
30-11-20,35.81506456,73,Sunny
01-12-20,33.75438444,65,Stormy
02-12-20,32.57955958,44,Stormy
03-12-20,33.76814489,74,Cloudy
04-12-20,35.41537777,67,Sunny
05-12-20,33.63882831,68,Cloudy
06-12-20,33.29669272,48,Stormy
07-12-20,35.60138765,91,Sunny
08-12-20,35.77478054,77,Sunny
09-12-20,34.43968136,89,Rainy
10-12-20,34.67803005,45,Stormy
11-12-20,36.24849752,58,Sunny
12-12-20,33.05020626,83,Rainy
13-12-20,33.29104623,50,Stormy
14-12-20,34.82624186,41,Stormy
15-12-20,35.99088736,86,Sunny
16-12-20,37.19168112,83,Sunny
17-12-20,39.67003489,83,Sunny
18-12-20,38.58141053,48,Sunny
19-12-20,36.69023671,60,Sunny
20-12-20,37.11329989,63,Sunny
21-12-20,35.28463167,73,Sunny
22-12-20,37.38810645,61,Sunny
23-12-20,36.9802878,42,Sunny
24-12-20,38.33249162,51,Sunny
25-12-20,36.15896732,67,Sunny
26-12-20,38.97537167,69,Sunny
27-12-20,41.12223133,65,Sunny
28-12-20,37.95608549,87,Sunny
29-12-20,39.09061217,60,Sunny
30-12-20,39.77774488,67,Sunny
31-12-20,37.70192526,65,Sunny
01-01-21,39.05605884,72,Sunny
02-01-21,38.73312332,60,Sunny
03-01-21,38.99987229,74,Sunny
04-01-21,37.35156042,91,Sunny
05-01-21,39.03610131,73,Sunny
06-01-21,40.0689838,80,Sunny
07-01-21,42.05755162,90,Sunny
08-01-21,41.15242126,86,Sunny
09-01-21,43.6151663,57,Sunny
10-01-21,37.84530464,50,Sunny
11-01-21,41.19208755,62,Sunny
12-01-21,39.87779794,87,Sunny
13-01-21,43.95058312,61,Sunny
14-01-21,38.01041576,56,Sunny
15-01-21,37.99975304,44,Sunny
16-01-21,38.52872427,83,Sunny
17-01-21,35.52414008,50,Sunny
18-01-21,38.76093482,69,Sunny
19-01-21,38.33076802,54,Sunny
20-01-21,40.18246991,66,Sunny
21-01-21,40.59389075,74,Sunny
22-01-21,43.68745291,72,Sunny
23-01-21,41.85671743,59,Sunny
24-01-21,38.81883876,55,Sunny
25-01-21,38.18860411,73,Sunny
26-01-21,40.97806514,41,Sunny
27-01-21,37.35855617,74,Sunny
28-01-21,43.66273643,79,Sunny
29-01-21,42.35549566,67,Sunny
30-01-21,39.05106211,86,Sunny
31-01-21,36.55194673,78,Sunny
01-02-21,42.67077176,45,Sunny
02-02-21,39.71477346,48,Sunny
03-02-21,42.39633451,59,Sunny
04-02-21,36.70472715,40,Sunny
05-02-21,38.6637557,47,Sunny
06-02-21,39.83797156,94,Sunny
07-02-21,39.8824929,62,Sunny
08-02-21,38.84553303,42,Sunny
09-02-21,40.94459797,43,Sunny
10-02-21,37.51301195,64,Sunny
11-02-21,39.30898937,86,Sunny
12-02-21,39.77599776,77,Sunny
13-02-21,40.50212829,54,Sunny
14-02-21,40.83053532,60,Sunny
15-02-21,37.08831353,74,Sunny
16-02-21,36.19592661,92,Sunny
17-02-21,41.7423603,92,Sunny
18-02-21,39.7708117,85,Sunny
19-02-21,37.52474526,91,Sunny
20-02-21,42.03594839,53,Sunny
21-02-21,39.07334647,75,Sunny
22-02-21,41.10540764,51,Sunny
23-02-21,38.78316771,56,Sunny
24-02-21,42.66748493,78,Sunny
25-02-21,41.95111082,48,Sunny
26-02-21,37.83356483,74,Sunny
27-02-21,40.16236653,52,Sunny
28-02-21,39.39442046,54,Sunny
01-03-21,40.72213424,57,Sunny
02-03-21,35.93303293,90,Sunny
03-03-21,39.10984645,72,Sunny
04-03-21,39.72636119,45,Sunny
05-03-21,33.96075822,66,Cloudy
06-03-21,34.97745395,62,Stormy
07-03-21,33.12830292,66,Cloudy
08-03-21,36.52786729,73,Sunny
09-03-21,38.35885257,85,Sunny
10-03-21,39.78279986,77,Sunny
11-03-21,36.77788186,53,Sunny
12-03-21,39.73587815,75,Sunny
13-03-21,33.56480753,92,Rainy
14-03-21,32.76207903,47,Stormy
15-03-21,35.89911452,74,Sunny
16-03-21,36.61730283,58,Sunny
17-03-21,35.62040485,69,Sunny
18-03-21,31.38525832,53,Stormy
19-03-21,35.17404263,59,Sunny
20-03-21,32.57334306,88,Rainy
21-03-21,36.34955366,64,Sunny
22-03-21,35.56932755,79,Sunny
23-03-21,32.78035958,63,Stormy
24-03-21,33.45450943,53,Stormy
25-03-21,32.1841475,65,Stormy
26-03-21,33.99582666,77,Cloudy
27-03-21,35.84843138,62,Sunny
28-03-21,31.78208133,61,Stormy
29-03-21,34.57551177,87,Rainy
30-03-21,32.3193619,58,Stormy
31-03-21,31.60523796,85,Rainy
01-04-21,32.78675304,90,Rainy
02-04-21,30.73895897,42,Stormy
03-04-21,31.50965112,81,Rainy
04-04-21,30.02765332,58,Stormy
05-04-21,36.15834941,48,Sunny
06-04-21,32.10402475,67,Cloudy
07-04-21,30.43783177,59,Stormy
08-04-21,32.06829286,84,Rainy
09-04-21,31.21807107,46,Stormy
10-04-21,30.80260504,53,Stormy
11-04-21,32.2741969,48,Stormy
12-04-21,32.36177985,94,Rainy
13-04-21,29.58632437,58,Stormy
14-04-21,29.2959935,86,Rainy
15-04-21,29.69765086,91,Rainy
16-04-21,25.4439371,53,Stormy
17-04-21,26.81740336,77,Cloudy
18-04-21,32.38160097,92,Rainy
19-04-21,32.73799566,75,Cloudy
20-04-21,28.75041672,79,Cloudy
21-04-21,30.20233188,56,Stormy
22-04-21,29.47282773,69,Cloudy
23-04-21,34.80965835,48,Stormy
24-04-21,30.69315509,72,Cloudy
25-04-21,28.000897,91,Rainy
26-04-21,26.14907551,64,Stormy
27-04-21,24.65146386,53,Stormy
28-04-21,28.07633811,50,Stormy
29-04-21,25.96269589,92,Rainy
30-04-21,24.43788632,74,Cloudy
01-05-21,25.79733133,80,Cloudy
02-05-21,24.73662822,53,Stormy
03-05-21,30.08449469,69,Cloudy
04-05-21,28.285294,80,Cloudy
05-05-21,26.31926342,43,Stormy
06-05-21,29.10975707,43,Stormy
07-05-21,26.12080549,67,Cloudy
08-05-21,24.06131408,47,Stormy
09-05-21,28.64963063,41,Stormy
10-05-21,26.50246115,80,Cloudy
11-05-21,23.17323742,85,Rainy
12-05-21,24.69204188,61,Stormy
13-05-21,23.14844309,80,Cloudy
14-05-21,21.96308055,94,Rainy
15-05-21,26.41214399,55,Stormy
16-05-21,28.21190706,68,Cloudy
17-05-21,21.43146621,88,Rainy
18-05-21,25.1923759,87,Rainy
19-05-21,22.6053617,69,Cloudy
20-05-21,22.77504274,51,Stormy
21-05-21,22.40965253,74,Cloudy
22-05-21,21.71416785,50,Stormy
23-05-21,23.38952471,85,Rainy
24-05-21,21.4835962,89,Rainy
25-05-21,23.54216678,60,Stormy
26-05-21,22.759333,60,Stormy
27-05-21,22.2433252,44,Stormy
28-05-21,20.77041746,87,Rainy
29-05-21,21.2992913,59,Stormy
30-05-21,23.83392435,76,Cloudy
31-05-21,23.19835486,42,Stormy
01-06-21,20.11790986,83,Rainy
02-06-21,22.15135552,72,Cloudy
03-06-21,23.33835453,92,Rainy
04-06-21,18.38292475,48,Stormy
05-06-21,22.69792192,48,Stormy
06-06-21,20.17877565,43,Stormy
07-06-21,22.54144042,74,Cloudy
08-06-21,19.77338447,56,Stormy
09-06-21,17.5932782,73,Cloudy
10-06-21,17.85461581,63,Stormy
11-06-21,21.11608487,71,Cloudy
12-06-21,21.45316618,40,Stormy
13-06-21,19.04252052,47,Stormy
14-06-21,22.0494307,84,Rainy
15-06-21,17.37398865,62,Stormy
16-06-21,20.49337323,86,Rainy
17-06-21,18.13575414,79,Cloudy
18-06-21,19.1901448,51,Stormy
19-06-21,20.52844718,93,Rainy
20-06-21,18.65648234,51,Stormy
21-06-21,19.55570616,85,Rainy
22-06-21,22.288781,86,Rainy
23-06-21,19.07767916,54,Stormy
24-06-21,21.86202192,80,Cloudy
25-06-21,17.89432241,58,Stormy
26-06-21,21.18038126,65,Stormy
27-06-21,22.9748985,91,Rainy
28-06-21,15.12342377,68,Cloudy
29-06-21,18.45184696,61,Stormy
30-06-21,21.18268803,79,Cloudy
01-07-21,19.60934776,60,Stormy
02-07-21,20.74861873,90,Rainy
03-07-21,18.79324239,77,Cloudy
04-07-21,20.17327751,59,Stormy
05-07-21,19.69162846,68,Cloudy
06-07-21,22.34543072,90,Rainy
07-07-21,20.52958787,43,Stormy
08-07-21,20.71082267,94,Rainy
09-07-21,19.23072019,46,Stormy
10-07-21,19.10209652,67,Cloudy
11-07-21,19.2389964,67,Cloudy
12-07-21,20.92377908,43,Stormy
13-07-21,19.32761377,61,Stormy
14-07-21,20.78777242,51,Stormy
15-07-21,24.40158086,84,Rainy
16-07-21,22.03948479,42,Stormy
17-07-21,19.69552541,61,Stormy
18-07-21,22.80419825,83,Rainy
19-07-21,19.64365675,41,Stormy
20-07-21,16.44541148,63,Stormy
21-07-21,18.57113218,73,Cloudy
22-07-21,16.91513017,66,Cloudy
23-07-21,20.02683344,94,Rainy
24-07-21,20.8435515,80,Cloudy
25-07-21,24.24012089,40,Stormy
26-07-21,21.62527752,47,Stormy
27-07-21,20.62100952,62,Stormy
28-07-21,22.80938575,77,Cloudy
29-07-21,16.82320764,45,Stormy
30-07-21,21.81511272,61,Stormy
31-07-21,22.98748168,64,Stormy
01-08-21,18.59386807,57,Stormy
02-08-21,23.94721739,56,Stormy
03-08-21,22.44870687,51,Stormy
04-08-21,21.05643417,45,Stormy
05-08-21,23.27111477,65,Stormy
06-08-21,26.66867547,66,Cloudy
07-08-21,22.61590995,47,Stormy
08-08-21,22.87660533,58,Stormy
09-08-21,21.59247691,81,Rainy
10-08-21,20.94553994,40,Stormy
11-08-21,24.44287209,68,Cloudy
12-08-21,21.20989161,84,Rainy
13-08-21,23.20788163,88,Rainy
14-08-21,22.25489815,74,Cloudy
15-08-21,24.31635242,79,Cloudy
16-08-21,24.17655325,53,Stormy
17-08-21,25.73774142,74,Cloudy
18-08-21,22.79859608,87,Rainy
19-08-21,23.43731882,84,Rainy
20-08-21,22.18039016,59,Stormy
21-08-21,23.41252473,88,Rainy
22-08-21,25.22118538,52,Stormy
23-08-21,26.14824805,77,Cloudy
24-08-21,22.95977282,88,Rainy
25-08-21,26.71522625,85,Rainy
26-08-21,27.8612106,88,Rainy
27-08-21,26.15266511,47,Stormy
28-08-21,29.25711698,82,Rainy
29-08-21,24.13547553,59,Stormy
30-08-21,23.37499983,72,Cloudy
31-08-21,22.48977825,65,Stormy
01-09-21,29.22379795,78,Cloudy
02-09-21,27.72643849,60,Stormy
03-09-21,26.49396855,92,Rainy
04-09-21,27.35386376,88,Rainy
05-09-21,24.73301941,81,Rainy
06-09-21,32.06677883,82,Rainy
07-09-21,27.62612445,93,Rainy
08-09-21,27.77993178,80,Cloudy
09-09-21,29.20711106,48,Stormy
10-09-21,28.91292963,63,Stormy
11-09-21,28.59483218,76,Cloudy
12-09-21,26.76300933,88,Rainy
13-09-21,29.48445147,80,Cloudy
14-09-21,32.50370363,56,Stormy
15-09-21,31.62913873,63,Stormy
16-09-21,32.32374057,60,Stormy
17-09-21,28.31434967,90,Rainy
18-09-21,27.55725038,78,Cloudy
19-09-21,29.48475058,94,Rainy
20-09-21,30.04774411,80,Cloudy
21-09-21,32.32467267,78,Cloudy
22-09-21,26.95130121,52,Stormy
23-09-21,33.59513746,50,Stormy
24-09-21,30.41961296,85,Rainy
25-09-21,30.08116432,58,Stormy
26-09-21,29.10964145,50,Stormy
27-09-21,28.02260707,52,Stormy
28-09-21,33.17659889,85,Rainy
29-09-21,31.87421888,84,Rainy
30-09-21,29.34429535,40,Stormy
01-10-21,29.52992416,79,Cloudy
02-10-21,31.64352885,83,Rainy
03-10-21,35.84723184,58,Sunny
04-10-21,32.18309298,51,Stormy
05-10-21,29.8879958,47,Stormy
06-10-21,32.59364393,47,Stormy
07-10-21,32.72929725,92,Rainy
08-10-21,28.06927559,84,Rainy
09-10-21,33.54137845,51,Stormy
10-10-21,33.37355849,87,Rainy
11-10-21,35.41176553,72,Sunny
12-10-21,37.89958256,84,Sunny
13-10-21,36.63543738,65,Sunny
14-10-21,34.02341403,78,Cloudy
15-10-21,32.52519926,67,Cloudy
16-10-21,40.06013512,44,Sunny
17-10-21,35.20505151,47,Sunny
18-10-21,35.28563778,64,Sunny
19-10-21,35.37859054,66,Sunny
20-10-21,35.98990108,85,Sunny
21-10-21,35.46966417,62,Sunny
22-10-21,34.77341113,69,Cloudy
23-10-21,34.9869992,84,Rainy
24-10-21,36.17276028,86,Sunny
25-10-21,35.30647179,62,Sunny
26-10-21,35.12012703,88,Sunny
27-10-21,36.90855808,86,Sunny
28-10-21,36.33294402,59,Sunny
29-10-21,39.9953482,57,Sunny
30-10-21,31.82709153,57,Stormy
31-10-21,39.45086225,41,Sunny
01-11-21,39.89592928,43,Sunny
02-11-21,33.38992739,69,Cloudy
03-11-21,36.98126703,72,Sunny
04-11-21,37.0506283,75,Sunny
05-11-21,35.10223716,57,Sunny
06-11-21,36.48221089,76,Sunny
07-11-21,35.93406126,58,Sunny
08-11-21,41.77386055,86,Sunny
09-11-21,40.25147554,67,Sunny
10-11-21,41.0306761,79,Sunny
11-11-21,40.03496228,59,Sunny
12-11-21,36.43413032,88,Sunny
13-11-21,37.74033226,72,Sunny
14-11-21,39.86174521,51,Sunny
15-11-21,36.52881069,90,Sunny
16-11-21,40.48554428,54,Sunny
17-11-21,38.66175404,80,Sunny
18-11-21,38.4719638,78,Sunny
19-11-21,40.7190374,41,Sunny
20-11-21,40.25743742,68,Sunny
21-11-21,38.71502436,80,Sunny
22-11-21,41.81988754,49,Sunny
23-11-21,37.39957215,41,Sunny
24-11-21,40.85021634,90,Sunny
25-11-21,40.85734675,50,Sunny
26-11-21,39.10098214,52,Sunny
27-11-21,40.41738394,49,Sunny
28-11-21,37.30402771,53,Sunny
29-11-21,41.69152349,57,Sunny
30-11-21,39.50694251,90,Sunny
01-12-21,38.86062752,93,Sunny
02-12-21,42.02945648,48,Sunny
03-12-21,38.54414268,78,Sunny
04-12-21,37.15331849,67,Sunny
05-12-21,36.87040581,42,Sunny
06-12-21,41.20511379,59,Sunny
07-12-21,37.43766781,45,Sunny
08-12-21,43.50954823,66,Sunny
09-12-21,35.83353455,92,Sunny
10-12-21,43.38374078,41,Sunny
11-12-21,40.40230146,68,Sunny
12-12-21,39.77228681,77,Sunny
13-12-21,38.85733521,42,Sunny
14-12-21,40.72292723,55,Sunny
15-12-21,39.82289749,69,Sunny
16-12-21,42.07432341,79,Sunny
17-12-21,40.06178074,41,Sunny
18-12-21,40.09560156,56,Sunny
19-12-21,39.02552834,80,Sunny
20-12-21,39.59271527,51,Sunny
21-12-21,40.2721813,74,Sunny
22-12-21,36.18234972,82,Sunny
23-12-21,36.84858346,40,Sunny
24-12-21,40.96993243,94,Sunny
25-12-21,39.75979182,84,Sunny
26-12-21,38.98098388,54,Sunny
27-12-21,39.31296857,65,Sunny
28-12-21,39.89470395,76,Sunny
29-12-21,38.03978132,60,Sunny
30-12-21,37.47880377,88,Sunny
31-12-21,39.33960223,70,Sunny
01-01-22,36.90008562,64,Sunny
02-01-22,39.57871352,62,Sunny
03-01-22,35.25891287,63,Sunny
04-01-22,40.62079791,77,Sunny
05-01-22,39.40266328,67,Sunny
06-01-22,38.86112658,60,Sunny
07-01-22,40.20270836,93,Sunny
08-01-22,41.45323975,82,Sunny
09-01-22,40.03274664,57,Sunny
10-01-22,34.20077221,75,Cloudy
11-01-22,35.198728,74,Sunny
12-01-22,36.38050298,84,Sunny
13-01-22,37.55152849,94,Sunny
14-01-22,38.40087104,48,Sunny
15-01-22,35.77732587,92,Sunny
16-01-22,37.46271609,77,Sunny
17-01-22,35.43595018,69,Sunny
18-01-22,35.57843532,83,Sunny
19-01-22,33.84018313,73,Cloudy
20-01-22,34.65641191,71,Cloudy
21-01-22,33.6462812,42,Stormy
22-01-22,34.24213615,42,Stormy
23-01-22,38.14292102,67,Sunny
24-01-22,33.97618024,83,Rainy
25-01-22,40.97673283,54,Sunny
26-01-22,36.53331047,80,Sunny
27-01-22,35.74883429,62,Sunny
28-01-22,33.49278226,79,Cloudy
29-01-22,36.43836963,50,Sunny
30-01-22,33.71271124,87,Rainy
31-01-22,34.93229801,71,Cloudy
01-02-22,39.63086369,93,Sunny
02-02-22,34.13918684,75,Cloudy
03-02-22,36.44873285,72,Sunny
04-02-22,32.56105288,63,Stormy
05-02-22,33.71306138,78,Cloudy
06-02-22,37.13875909,73,Sunny
07-02-22,32.15590435,67,Cloudy
08-02-22,36.84605234,76,Sunny
09-02-22,34.44668744,46,Stormy
10-02-22,31.71506592,43,Stormy
11-02-22,33.9124949,76,Cloudy
12-02-22,34.39940922,40,Stormy
13-02-22,33.50355947,40,Stormy
14-02-22,28.92422538,86,Rainy
15-02-22,30.4143099,59,Stormy
16-02-22,31.176709,58,Stormy
17-02-22,31.32537276,68,Cloudy
18-02-22,32.51748749,49,Stormy
19-02-22,31.43293852,57,Stormy
20-02-22,28.20781004,67,Cloudy
21-02-22,31.4395053,74,Cloudy
22-02-22,31.70062029,82,Rainy
23-02-22,31.39917713,86,Rainy
24-02-22,32.24119329,70,Cloudy
25-02-22,31.5474799,66,Cloudy
26-02-22,30.59804764,50,Stormy
27-02-22,29.33953607,88,Rainy
28-02-22,25.95833368,88,Rainy
01-03-22,29.94016794,77,Cloudy
02-03-22,29.29735043,44,Stormy
03-03-22,29.22662349,47,Stormy
04-03-22,25.93198602,73,Cloudy
05-03-22,26.12599323,87,Rainy
06-03-22,30.19771989,91,Rainy
07-03-22,27.81637516,51,Stormy
08-03-22,29.06339993,77,Cloudy
09-03-22,27.56286816,40,Stormy
10-03-22,27.37257403,70,Cloudy
11-03-22,28.99753445,43,Stormy
12-03-22,25.89793404,88,Rainy
13-03-22,26.93254966,84,Rainy
14-03-22,25.62734597,89,Rainy
15-03-22,25.49587173,44,Stormy
16-03-22,25.56094158,69,Cloudy
17-03-22,26.43950325,63,Stormy
18-03-22,24.85529019,42,Stormy
19-03-22,28.14352625,50,Stormy
20-03-22,23.66377309,84,Rainy
21-03-22,24.90203685,43,Stormy
22-03-22,24.22100009,65,Stormy
23-03-22,27.82105979,66,Cloudy
24-03-22,25.14888448,85,Rainy
25-03-22,26.65023253,93,Rainy
26-03-22,21.44835654,82,Rainy
27-03-22,24.78874379,66,Cloudy
28-03-22,25.87136889,81,Rainy
29-03-22,24.09650239,90,Rainy
30-03-22,25.90514942,89,Rainy
31-03-22,22.58435628,45,Stormy
01-04-22,26.2849249,54,Stormy
02-04-22,27.91393653,92,Rainy
03-04-22,22.44304689,69,Cloudy
04-04-22,22.1330351,81,Rainy
05-04-22,25.78891553,76,Cloudy
06-04-22,25.90224434,76,Cloudy
07-04-22,21.56123614,81,Rainy
08-04-22,21.63339582,76,Cloudy
09-04-22,21.78002389,74,Cloudy
10-04-22,19.52757819,62,Stormy
11-04-22,20.25517474,45,Stormy
12-04-22,19.96335942,43,Stormy
13-04-22,20.31841938,57,Stormy
14-04-22,21.67027657,48,Stormy
15-04-22,22.09701168,88,Rainy
16-04-22,24.62186753,68,Cloudy
17-04-22,19.41983434,52,Stormy
18-04-22,23.28429635,86,Rainy
19-04-22,20.79025663,91,Rainy
20-04-22,21.02540224,56,Stormy
21-04-22,22.38361415,84,Rainy
22-04-22,18.70176291,71,Cloudy
23-04-22,21.62887923,87,Rainy
24-04-22,21.1174712,61,Stormy
25-04-22,21.6936624,43,Stormy
26-04-22,21.21500662,44,Stormy
27-04-22,25.47892429,76,Cloudy
28-04-22,19.22827125,80,Cloudy
29-04-22,19.3809829,88,Rainy
30-04-22,19.13974403,52,Stormy
01-05-22,19.22196457,73,Cloudy
02-05-22,19.00890499,84,Rainy
03-05-22,22.61635915,61,Stormy
04-05-22,23.03788595,92,Rainy
05-05-22,19.01785736,62,Stormy
06-05-22,18.46104742,90,Rainy
07-05-22,21.03894787,42,Stormy
08-05-22,18.96599027,81,Rainy
09-05-22,21.3145913,73,Cloudy
10-05-22,20.43684538,71,Cloudy
11-05-22,16.98577025,84,Rainy
12-05-22,23.10252099,90,Rainy
13-05-22,23.59351491,88,Rainy
14-05-22,18.77443031,60,Stormy
15-05-22,19.22685257,85,Rainy
16-05-22,20.58023343,83,Rainy
17-05-22,20.68765966,60,Stormy
18-05-22,21.35007042,83,Rainy
19-05-22,24.07161342,50,Stormy
20-05-22,19.71951174,78,Cloudy
21-05-22,18.50298407,43,Stormy
22-05-22,17.3710725,90,Rainy
23-05-22,18.70193125,40,Stormy
24-05-22,20.13555212,67,Cloudy
25-05-22,23.83285567,63,Stormy
26-05-22,19.2543536,74,Cloudy
27-05-22,20.7868724,52,Stormy
28-05-22,20.36003515,86,Rainy
29-05-22,22.82709465,73,Cloudy
30-05-22,25.56541987,50,Stormy
31-05-22,19.51485964,75,Cloudy
01-06-22,19.66652971,90,Rainy
02-06-22,22.80628346,56,Stormy
03-06-22,22.15801049,74,Cloudy
04-06-22,24.56759015,57,Stormy
05-06-22,22.12563007,79,Cloudy
06-06-22,20.32640449,61,Stormy
07-06-22,22.31709519,63,Stormy
08-06-22,23.44753511,58,Stormy
09-06-22,22.96894257,76,Cloudy
10-06-22,22.44384522,78,Cloudy
11-06-22,23.66739365,60,Stormy
12-06-22,23.98076883,47,Stormy
13-06-22,24.51797204,67,Cloudy
14-06-22,23.16584866,44,Stormy
15-06-22,21.65222007,56,Stormy
16-06-22,22.40111627,76,Cloudy
17-06-22,24.64509631,75,Cloudy
18-06-22,20.72570358,93,Rainy
19-06-22,23.22747415,58,Stormy
20-06-22,21.83700637,66,Cloudy
21-06-22,22.81768053,92,Rainy
22-06-22,25.45649733,73,Cloudy
23-06-22,23.42403452,50,Stormy
24-06-22,23.27973544,93,Rainy
25-06-22,20.61490118,84,Rainy
26-06-22,24.97753779,86,Rainy
27-06-22,24.92902211,51,Stormy
28-06-22,28.12013097,93,Rainy
29-06-22,23.33611531,60,Stormy
30-06-22,24.55044193,93,Rainy
01-07-22,24.77373321,50,Stormy
02-07-22,27.59498691,78,Cloudy
03-07-22,24.41682768,67,Cloudy
04-07-22,25.33495716,44,Stormy
05-07-22,26.16429165,56,Stormy
06-07-22,25.49532193,59,Stormy
07-07-22,24.4047926,80,Cloudy
08-07-22,25.86327684,85,Rainy
09-07-22,27.80160728,51,Stormy
10-07-22,23.78229831,45,Stormy
11-07-22,26.2839192,56,Stormy
12-07-22,24.80198192,90,Rainy
13-07-22,28.77807956,58,Stormy
14-07-22,23.52882001,65,Stormy
15-07-22,25.64592751,87,Rainy
16-07-22,27.70806679,83,Rainy
17-07-22,30.27578144,83,Rainy
18-07-22,27.20546527,91,Rainy
19-07-22,26.41986433,71,Cloudy
20-07-22,31.48686297,45,Stormy
21-07-22,25.02371663,94,Rainy
22-07-22,23.71816019,75,Cloudy
23-07-22,29.19258235,77,Cloudy
24-07-22,27.50590129,50,Stormy
25-07-22,26.66559638,72,Cloudy
26-07-22,30.32334394,63,Stormy
27-07-22,29.59323884,62,Stormy
28-07-22,28.17684424,54,Stormy
29-07-22,26.94403479,66,Cloudy
30-07-22,31.44939847,50,Stormy
31-07-22,31.20484459,90,Rainy
01-08-22,29.90608716,89,Rainy
02-08-22,33.99766775,56,Stormy
03-08-22,28.36405735,90,Rainy
04-08-22,27.65280797,92,Rainy
05-08-22,29.51939208,53,Stormy
06-08-22,31.01102481,66,Cloudy
07-08-22,31.78742351,57,Stormy
08-08-22,31.01629998,67,Cloudy
09-08-22,32.40031089,90,Rainy
10-08-22,29.38987078,86,Rainy
11-08-22,34.97647123,86,Rainy
12-08-22,32.1197965,43,Stormy
13-08-22,34.71293374,46,Stormy
14-08-22,33.3570447,84,Rainy
15-08-22,33.77728376,74,Cloudy
16-08-22,34.19434973,87,Rainy
17-08-22,34.14004825,48,Stormy
18-08-22,34.71859481,47,Stormy
19-08-22,36.27859929,91,Sunny
20-08-22,34.19903344,84,Rainy
21-08-22,35.40817314,56,Sunny
22-08-22,33.99327275,56,Stormy
23-08-22,37.23388803,88,Sunny
24-08-22,33.18003707,72,Cloudy
25-08-22,38.31205753,71,Sunny
26-08-22,34.80533176,47,Stormy
27-08-22,32.19761425,58,Stormy
28-08-22,35.48686648,77,Sunny
29-08-22,34.03795534,42,Stormy
30-08-22,37.24858681,44,Sunny
31-08-22,34.42706596,52,Stormy
01-09-22,35.00266841,86,Sunny
02-09-22,32.27631724,85,Rainy
03-09-22,35.3087274,70,Sunny
04-09-22,31.52103748,94,Rainy
05-09-22,33.35389914,55,Stormy
06-09-22,38.19283416,89,Sunny
07-09-22,38.39123652,71,Sunny
08-09-22,37.81545491,61,Sunny
09-09-22,35.17270536,68,Sunny
10-09-22,37.15051023,61,Sunny
11-09-22,37.37510488,82,Sunny
12-09-22,35.19900478,42,Sunny
13-09-22,40.65294876,93,Sunny
14-09-22,39.52823637,49,Sunny
15-09-22,37.45583378,81,Sunny
16-09-22,38.07262515,60,Sunny
17-09-22,38.55350299,55,Sunny
18-09-22,34.16789696,51,Stormy
19-09-22,37.86834081,41,Sunny
20-09-22,37.10671099,80,Sunny
21-09-22,36.57203523,63,Sunny
22-09-22,38.11424042,74,Sunny
23-09-22,42.36950936,69,Sunny
24-09-22,40.15000779,69,Sunny
25-09-22,37.81660264,86,Sunny
26-09-22,40.19118127,74,Sunny
27-09-22,41.92816338,58,Sunny
28-09-22,41.05850501,89,Sunny
29-09-22,39.40459996,47,Sunny
30-09-22,38.06385322,65,Sunny
01-10-22,40.82281799,88,Sunny
02-10-22,40.27821631,79,Sunny
03-10-22,41.34270977,46,Sunny
04-10-22,40.87992393,69,Sunny
05-10-22,41.76209905,46,Sunny
06-10-22,38.64207142,42,Sunny
07-10-22,42.39299331,40,Sunny
08-10-22,40.19516457,75,Sunny
09-10-22,43.98832743,64,Sunny
10-10-22,38.49333539,76,Sunny
11-10-22,43.37359542,40,Sunny
12-10-22,40.32348563,54,Sunny
13-10-22,38.64685337,76,Sunny
14-10-22,38.99996328,52,Sunny
15-10-22,39.34109894,79,Sunny
16-10-22,40.84019148,47,Sunny
17-10-22,41.04359998,44,Sunny
18-10-22,38.85259937,48,Sunny
19-10-22,39.94936071,40,Sunny
20-10-22,44.27668203,75,Sunny
21-10-22,43.43730234,74,Sunny
22-10-22,40.84094528,41,Sunny
23-10-22,40.02639965,79,Sunny
24-10-22,40.16857008,62,Sunny
25-10-22,41.12968683,48,Sunny
26-10-22,37.82724829,73,Sunny
27-10-22,39.32431387,85,Sunny
28-10-22,36.46419683,53,Sunny
29-10-22,40.55818884,43,Sunny
30-10-22,41.00860833,69,Sunny
31-10-22,38.69843182,70,Sunny
01-11-22,42.75950077,77,Sunny
02-11-22,37.10287394,50,Sunny
03-11-22,36.56471189,74,Sunny
04-11-22,39.87762441,47,Sunny
05-11-22,41.45440514,42,Sunny
06-11-22,42.65580772,53,Sunny
07-11-22,38.29421256,52,Sunny
08-11-22,41.28968683,84,Sunny
09-11-22,38.9719995,71,Sunny
10-11-22,38.61683362,73,Sunny
11-11-22,40.63889516,84,Sunny
12-11-22,40.0821596,58,Sunny
13-11-22,35.5271572,77,Sunny
14-11-22,41.53197802,55,Sunny
15-11-22,41.23460439,41,Sunny
16-11-22,37.11543098,79,Sunny
17-11-22,39.04695165,56,Sunny
18-11-22,39.12889112,94,Sunny
19-11-22,38.54440822,73,Sunny
20-11-22,36.80147121,81,Sunny
21-11-22,36.43469488,55,Sunny
22-11-22,37.5995825,77,Sunny
23-11-22,39.86583753,41,Sunny
24-11-22,38.47426061,41,Sunny
25-11-22,36.50955771,65,Sunny
26-11-22,38.65500965,52,Sunny
27-11-22,31.27250829,86,Rainy
28-11-22,39.1223185,70,Sunny
29-11-22,33.19782328,73,Cloudy
30-11-22,35.80216188,78,Sunny
01-12-22,34.13488617,42,Stormy
02-12-22,33.6294956,47,Stormy
03-12-22,38.38265726,62,Sunny
04-12-22,34.96532209,53,Stormy
05-12-22,36.43109286,94,Sunny
06-12-22,35.47930938,66,Sunny
07-12-22,36.36006845,93,Sunny
08-12-22,35.39030451,68,Sunny
09-12-22,32.49925561,78,Cloudy
10-12-22,36.88432701,92,Sunny
11-12-22,33.72887686,78,Cloudy
12-12-22,31.4259364,40,Stormy
13-12-22,33.50376446,56,Stormy
14-12-22,37.18066501,80,Sunny
15-12-22,35.69706795,69,Sunny
16-12-22,33.11520065,92,Rainy
17-12-22,32.928345,52,Stormy
18-12-22,32.79649511,60,Stormy
19-12-22,37.40479012,58,Sunny
20-12-22,33.82539352,92,Rainy
21-12-22,33.73060981,58,Stormy
22-12-22,34.73894915,64,Stormy
23-12-22,32.96274496,61,Stormy
24-12-22,31.77287273,70,Cloudy
25-12-22,31.70313134,56,Stormy
26-12-22,31.75666424,94,Rainy
27-12-22,31.62869808,62,Stormy
28-12-22,32.9609962,71,Cloudy
29-12-22,31.41162117,49,Stormy
30-12-22,32.57447877,49,Stormy
31-12-22,30.748791,75,Cloudy
01-01-23,30.86815601,47,Stormy
02-01-23,26.51486139,93,Rainy
03-01-23,32.14409073,91,Rainy
04-01-23,30.80446039,59,Stormy
05-01-23,31.90750713,71,Cloudy
06-01-23,23.91901502,89,Rainy
07-01-23,33.68842944,53,Stormy
08-01-23,29.03285035,89,Rainy
09-01-23,31.32902,67,Cloudy
10-01-23,26.83382219,85,Rainy
11-01-23,29.94059607,91,Rainy
12-01-23,26.41014531,92,Rainy
13-01-23,27.07195988,63,Stormy
14-01-23,31.95075406,54,Stormy
15-01-23,27.54527099,61,Stormy
16-01-23,28.1662753,69,Cloudy
17-01-23,29.27722619,43,Stormy
18-01-23,28.3351208,52,Stormy
19-01-23,27.45232359,62,Stormy
20-01-23,27.69027592,47,Stormy
21-01-23,31.57726903,57,Stormy
22-01-23,26.46657599,51,Stormy
23-01-23,26.79675464,94,Rainy
24-01-23,28.31005042,70,Cloudy
25-01-23,28.23549503,53,Stormy
26-01-23,28.21579549,73,Cloudy
27-01-23,26.93815028,57,Stormy
28-01-23,23.19537064,73,Cloudy
29-01-23,28.57074154,50,Stormy
30-01-23,22.83556409,80,Cloudy
31-01-23,25.55985084,51,Stormy
01-02-23,23.27437134,88,Rainy
02-02-23,24.48507624,54,Stormy
03-02-23,25.10346224,70,Cloudy
04-02-23,24.92345788,88,Rainy
05-02-23,24.96167862,68,Cloudy
06-02-23,27.18470609,65,Stormy
07-02-23,24.70621561,57,Stormy
08-02-23,23.15517744,71,Cloudy
09-02-23,25.41855128,61,Stormy
10-02-23,25.71880791,77,Cloudy
11-02-23,20.73680526,56,Stormy
12-02-23,24.24169809,62,Stormy
13-02-23,24.30690164,63,Stormy
14-02-23,22.16992543,89,Rainy
15-02-23,25.37985624,47,Stormy
16-02-23,22.19467013,80,Cloudy
17-02-23,22.61527489,45,Stormy
18-02-23,21.89037327,44,Stormy
19-02-23,22.14317524,83,Rainy
20-02-23,19.79812228,68,Cloudy
21-02-23,18.99242962,67,Cloudy
22-02-23,24.94665132,50,Stormy
23-02-23,19.95212515,40,Stormy
24-02-23,19.55501126,82,Rainy
25-02-23,17.12614862,58,Stormy
26-02-23,20.05356495,48,Stormy
27-02-23,18.58733574,66,Cloudy
28-02-23,24.42307901,73,Cloudy
01-03-23,23.0677605,83,Rainy
02-03-23,19.58448389,43,Stormy
03-03-23,25.38193001,75,Cloudy
04-03-23,22.76051225,57,Stormy
05-03-23,20.07092248,54,Stormy
06-03-23,15.64908942,90,Rainy
07-03-23,25.16084231,52,Stormy
08-03-23,17.73463685,58,Stormy
09-03-23,17.16160326,88,Rainy
10-03-23,22.4399795,45,Stormy
11-03-23,25.22062327,87,Rainy
12-03-23,23.05980734,51,Stormy
13-03-23,21.37310655,90,Rainy
14-03-23,21.39272536,76,Cloudy
15-03-23,21.87189474,56,Stormy
16-03-23,21.6487016,62,Stormy
17-03-23,20.66295559,65,Stormy
18-03-23,20.28266291,68,Cloudy
19-03-23,19.92673257,72,Cloudy
20-03-23,18.52562687,66,Cloudy
21-03-23,19.45782957,64,Stormy
22-03-23,16.62288196,94,Rainy
23-03-23,19.80572854,49,Stormy
24-03-23,18.0228367,86,Rainy
25-03-23,17.79445125,62,Stormy
26-03-23,20.36702838,60,Stormy
27-03-23,22.80085181,60,Stormy
28-03-23,21.86708074,82,Rainy
29-03-23,16.9070343,52,Stormy
30-03-23,18.09034786,76,Cloudy
31-03-23,21.97668717,72,Cloudy
01-04-23,18.15967247,63,Stormy
02-04-23,19.70883343,83,Rainy
03-04-23,21.29559303,50,Stormy
04-04-23,18.3001107,56,Stormy
05-04-23,20.49276655,43,Stormy
06-04-23,17.66306754,86,Rainy
07-04-23,19.18135366,64,Stormy
08-04-23,21.08046947,69,Cloudy
09-04-23,17.3155583,48,Stormy
10-04-23,21.44693466,60,Stormy
11-04-23,20.59492248,59,Stormy
12-04-23,21.81113708,58,Stormy
13-04-23,21.22966195,58,Stormy
14-04-23,23.58947819,51,Stormy
15-04-23,21.19466539,76,Cloudy
16-04-23,20.17204654,81,Rainy
17-04-23,21.36568141,56,Stormy
18-04-23,22.30146269,76,Cloudy
19-04-23,21.40988093,93,Rainy
20-04-23,21.49411336,87,Rainy
21-04-23,20.11315049,78,Cloudy
22-04-23,20.29892896,67,Cloudy
23-04-23,18.93046718,80,Cloudy
24-04-23,25.34908376,74,Cloudy
25-04-23,19.47971626,86,Rainy
26-04-23,20.70235772,87,Rainy
27-04-23,20.77524359,57,Stormy
28-04-23,24.12891195,53,Stormy
29-04-23,21.87923319,74,Cloudy
30-04-23,25.09769829,83,Rainy
01-05-23,21.39127352,80,Cloudy
02-05-23,23.4351883,46,Stormy
03-05-23,21.34830011,80,Cloudy
04-05-23,27.45387903,52,Stormy
05-05-23,20.93570496,57,Stormy
06-05-23,24.08053979,76,Cloudy
07-05-23,24.88106426,52,Stormy
08-05-23,24.59627534,75,Cloudy
09-05-23,23.55576091,70,Cloudy
10-05-23,23.8267833,41,Stormy
11-05-23,24.33650147,55,Stormy
12-05-23,24.11962872,48,Stormy
13-05-23,26.50837962,48,Stormy
14-05-23,29.17082373,77,Cloudy
15-05-23,23.80605053,50,Stormy
16-05-23,22.35471602,93,Rainy
17-05-23,25.09300797,61,Stormy
18-05-23,30.60613294,72,Cloudy
19-05-23,24.01832858,75,Cloudy
20-05-23,29.08462445,84,Rainy
21-05-23,29.34418298,62,Stormy
22-05-23,25.06559981,84,Rainy
23-05-23,27.49626823,84,Rainy
24-05-23,29.80207773,73,Cloudy
25-05-23,25.97539326,48,Stormy
26-05-23,26.51615877,63,Stormy
27-05-23,25.95085904,47,Stormy
28-05-23,25.27676306,46,Stormy
29-05-23,26.20085454,75,Cloudy
30-05-23,25.24566241,57,Stormy
31-05-23,27.95676574,42,Stormy
01-06-23,26.54455274,67,Cloudy
02-06-23,28.74873759,45,Stormy
03-06-23,25.36672855,83,Rainy
04-06-23,29.33824296,83,Rainy
05-06-23,30.54203246,60,Stormy
06-06-23,25.08644529,67,Cloudy
07-06-23,30.02134217,79,Cloudy
08-06-23,31.92817018,93,Rainy
09-06-23,27.25336417,93,Rainy
10-06-23,33.21773593,40,Stormy
11-06-23,30.91062509,75,Cloudy
12-06-23,28.86253025,60,Stormy
13-06-23,30.36087366,82,Rainy
14-06-23,31.78873455,74,Cloudy
15-06-23,31.02349159,52,Stormy
16-06-23,32.14804429,88,Rainy
17-06-23,29.42780842,93,Rainy
18-06-23,31.80599292,93,Rainy
19-06-23,28.83737104,49,Stormy
20-06-23,31.63921078,92,Rainy
21-06-23,30.24996585,83,Rainy
22-06-23,30.7820164,86,Rainy
23-06-23,34.91965658,92,Rainy
24-06-23,34.82350546,49,Stormy
25-06-23,34.05152013,85,Rainy
26-06-23,30.83984376,52,Stormy
27-06-23,32.58166806,76,Cloudy
28-06-23,35.82941027,77,Sunny
29-06-23,33.87401737,63,Stormy
30-06-23,38.41517511,41,Sunny
01-07-23,34.74757363,61,Stormy
02-07-23,34.5278738,56,Stormy
03-07-23,33.70672279,75,Cloudy
04-07-23,34.77148775,53,Stormy
05-07-23,34.3771148,49,Stormy
06-07-23,36.27404759,74,Sunny
07-07-23,36.94506757,64,Sunny
08-07-23,33.63150411,42,Stormy
09-07-23,32.7107559,86,Rainy
10-07-23,31.86840062,77,Cloudy
11-07-23,36.72216733,56,Sunny
12-07-23,33.66254238,51,Stormy
13-07-23,31.72423768,93,Rainy
14-07-23,36.96550743,91,Sunny
15-07-23,41.33020535,63,Sunny
16-07-23,36.48538299,68,Sunny
17-07-23,38.32522593,82,Sunny
18-07-23,36.95996347,64,Sunny
19-07-23,36.74386738,75,Sunny
20-07-23,38.92236502,65,Sunny
21-07-23,36.64339474,77,Sunny
22-07-23,37.89557075,40,Sunny
23-07-23,38.13807981,59,Sunny
24-07-23,36.2894036,94,Sunny
25-07-23,39.73751938,67,Sunny
26-07-23,37.52826407,55,Sunny
27-07-23,36.488291,86,Sunny
28-07-23,39.19119893,56,Sunny
29-07-23,36.43639404,79,Sunny
30-07-23,38.40154986,67,Sunny
31-07-23,38.43546914,51,Sunny
01-08-23,40.73063647,66,Sunny
02-08-23,39.60995659,93,Sunny
03-08-23,38.70875688,92,Sunny
04-08-23,40.48909067,81,Sunny
05-08-23,41.72517913,86,Sunny
06-08-23,40.14801282,69,Sunny
07-08-23,39.13711279,80,Sunny
08-08-23,36.57310398,73,Sunny
09-08-23,37.14323943,76,Sunny
10-08-23,38.7359984,45,Sunny
11-08-23,38.196666,46,Sunny
12-08-23,39.10722424,71,Sunny
13-08-23,39.65615079,71,Sunny
14-08-23,40.66010354,92,Sunny
15-08-23,39.51374741,64,Sunny
16-08-23,40.67791341,72,Sunny
17-08-23,39.88014228,94,Sunny
18-08-23,35.8426433,46,Sunny
19-08-23,37.95337132,91,Sunny
20-08-23,39.57839999,51,Sunny
21-08-23,37.47777211,55,Sunny
22-08-23,41.12364682,55,Sunny
23-08-23,43.0079494,82,Sunny
24-08-23,42.40265137,92,Sunny
25-08-23,39.55293594,75,Sunny
26-08-23,42.97197618,52,Sunny
27-08-23,40.29456496,46,Sunny
28-08-23,39.32576549,75,Sunny
29-08-23,38.77183964,86,Sunny
30-08-23,39.38841381,90,Sunny
31-08-23,39.20771056,48,Sunny
01-09-23,40.31161416,71,Sunny
02-09-23,40.27465901,50,Sunny
03-09-23,39.93835115,47,Sunny
04-09-23,40.78091075,72,Sunny
05-09-23,42.25913957,62,Sunny
06-09-23,41.7438169,64,Sunny
07-09-23,36.83783654,47,Sunny
08-09-23,34.65879114,84,Rainy
09-09-23,41.59036764,61,Sunny
10-09-23,36.93917626,43,Sunny
11-09-23,39.17073966,79,Sunny
12-09-23,37.22353323,42,Sunny
13-09-23,35.89946185,68,Sunny
14-09-23,40.52221039,80,Sunny
15-09-23,40.88968187,68,Sunny
16-09-23,38.14668894,73,Sunny
17-09-23,34.04224358,73,Cloudy
18-09-23,38.0527681,67,Sunny
19-09-23,39.84613585,52,Sunny
20-09-23,36.01835065,54,Sunny
21-09-23,39.25294923,62,Sunny
22-09-23,38.76211092,83,Sunny
23-09-23,39.85429787,65,Sunny
24-09-23,38.83438169,43,Sunny
25-09-23,36.54515118,65,Sunny
26-09-23,40.77710377,79,Sunny
27-09-23,37.95621986,48,Sunny
28-09-23,38.10467896,94,Sunny
29-09-23,36.17549755,44,Sunny
30-09-23,37.03499769,71,Sunny
01-10-23,36.02831696,59,Sunny
02-10-23,37.32527141,89,Sunny
03-10-23,40.96475326,50,Sunny
04-10-23,34.66469035,54,Stormy
05-10-23,34.04556289,71,Cloudy
06-10-23,40.0763104,67,Sunny
07-10-23,36.57375296,61,Sunny
08-10-23,35.50988854,80,Sunny
09-10-23,38.78073798,56,Sunny
10-10-23,35.33991182,65,Sunny
11-10-23,40.05075626,83,Sunny
12-10-23,37.5996231,46,Sunny
13-10-23,35.11048563,81,Sunny
14-10-23,40.24102753,65,Sunny
15-10-23,34.55271342,64,Stormy
16-10-23,37.0837606,49,Sunny
17-10-23,36.03134185,84,Sunny
18-10-23,37.86725307,58,Sunny
19-10-23,38.21570126,50,Sunny
20-10-23,34.98355852,52,Stormy
21-10-23,33.23761809,92,Rainy
22-10-23,35.48740401,47,Sunny
23-10-23,33.03320795,79,Cloudy
24-10-23,38.23483675,43,Sunny
25-10-23,34.29887332,86,Rainy
26-10-23,33.11128969,70,Cloudy
27-10-23,34.02588681,67,Cloudy
28-10-23,30.77540447,50,Stormy
29-10-23,31.33817201,82,Rainy
30-10-23,35.49265842,40,Sunny
31-10-23,31.58723587,88,Rainy
01-11-23,30.61523592,86,Rainy
02-11-23,33.58931326,91,Rainy
03-11-23,34.69335956,77,Cloudy
04-11-23,33.56487262,63,Stormy
05-11-23,33.92322536,93,Rainy
06-11-23,30.22093138,86,Rainy
07-11-23,28.693598,70,Cloudy
08-11-23,34.34196955,80,Cloudy
09-11-23,30.49548977,85,Rainy
10-11-23,30.4402743,89,Rainy
11-11-23,33.39904274,65,Stormy
12-11-23,31.65553154,88,Rainy
13-11-23,31.25504692,89,Rainy
14-11-23,34.4733386,44,Stormy
15-11-23,28.65630267,59,Stormy
16-11-23,31.59904726,91,Rainy
17-11-23,29.65752378,80,Cloudy
18-11-23,29.8809952,50,Stormy
19-11-23,32.20132309,93,Rainy
20-11-23,29.96097557,72,Cloudy
21-11-23,29.8232359,89,Rainy
22-11-23,30.69349942,77,Cloudy
23-11-23,27.62100089,66,Cloudy
24-11-23,26.47556823,73,Cloudy
25-11-23,25.86818877,54,Stormy
26-11-23,23.82973042,71,Cloudy
27-11-23,31.68038929,60,Stormy
28-11-23,25.16806252,85,Rainy
29-11-23,26.73952639,44,Stormy
30-11-23,26.43708857,45,Stormy
01-12-23,27.41541378,77,Cloudy
02-12-23,28.24323973,61,Stormy
03-12-23,28.14523246,57,Stormy
04-12-23,25.07208102,53,Stormy
05-12-23,25.71944754,49,Stormy
06-12-23,26.43588441,85,Rainy
07-12-23,25.19202745,52,Stormy
08-12-23,28.72451023,70,Cloudy
09-12-23,26.31397437,69,Cloudy
10-12-23,26.62585255,42,Stormy
11-12-23,26.30786953,69,Cloudy
12-12-23,27.15707181,45,Stormy
13-12-23,25.00226019,68,Cloudy
14-12-23,21.87879,47,Stormy
15-12-23,25.10627757,83,Rainy
16-12-23,22.84091281,84,Rainy
17-12-23,22.92546064,82,Rainy
18-12-23,24.99689629,83,Rainy
19-12-23,26.14467889,72,Cloudy
20-12-23,23.55713307,56,Stormy
21-12-23,23.98132718,87,Rainy
22-12-23,26.61981674,50,Stormy
23-12-23,23.55133265,52,Stormy
24-12-23,28.13040395,89,Rainy
25-12-23,23.91809752,50,Stormy
26-12-23,19.1284783,70,Cloudy
27-12-23,24.02255255,67,Cloudy
28-12-23,23.14704512,83,Rainy
29-12-23,24.8361389,45,Stormy
30-12-23,23.47799839,80,Cloudy
31-12-23,21.73287325,55,Stormy
01-01-24,19.44253425,43,Stormy
02-01-24,21.35767316,74,Cloudy
03-01-24,19.96255732,87,Rainy
04-01-24,20.39376433,65,Stormy
05-01-24,22.626559,51,Stormy
06-01-24,24.68722229,50,Stormy
07-01-24,22.03822835,76,Cloudy
08-01-24,18.76209151,64,Stormy
09-01-24,21.95157364,57,Stormy
10-01-24,23.36771689,58,Stormy
11-01-24,19.67058382,62,Stormy
12-01-24,20.54145482,94,Rainy
13-01-24,20.76188115,77,Cloudy
14-01-24,19.08943062,93,Rainy
15-01-24,21.88624678,57,Stormy
16-01-24,20.28201229,65,Stormy
17-01-24,21.30098645,45,Stormy
18-01-24,18.62876529,43,Stormy
19-01-24,19.4744995,83,Rainy
20-01-24,21.74370538,90,Rainy
21-01-24,19.50668321,68,Cloudy
22-01-24,23.663583,73,Cloudy
23-01-24,19.37160472,56,Stormy
24-01-24,20.58539985,82,Rainy
25-01-24,21.97031083,82,Rainy
26-01-24,17.24145428,92,Rainy
27-01-24,16.5335933,55,Stormy
28-01-24,16.98490125,41,Stormy
29-01-24,22.54637043,73,Cloudy
30-01-24,18.90646566,94,Rainy
31-01-24,25.11955604,47,Stormy
01-02-24,18.8716364,52,Stormy
02-02-24,20.37020814,81,Rainy
03-02-24,23.0902988,47,Stormy
04-02-24,24.02723547,69,Cloudy
05-02-24,24.15102149,71,Cloudy
06-02-24,22.46170011,75,Cloudy
07-02-24,22.11402788,86,Rainy
08-02-24,21.27586542,69,Cloudy
